{"cameraMode":{"drawMode":0,"name":"Shaded","section":"Shading Mode"},"sceneLighting":true,"audioPlay":false,"sceneViewState":{"m_AlwaysRefresh":false,"showFog":true,"showSkybox":true,"showFlares":true,"showImageEffects":true,"showParticleSystems":true,"showVisualEffectGraphs":true,"m_FxEnabled":true},"in2DMode":false,"pivot":{"x":0.22289572656154633,"y":-2.7947683334350588,"z":8.173181533813477},"rotation":{"x":0.17391815781593324,"y":0.006396342068910599,"z":-0.00112999533303082,"w":0.9847479462623596},"size":7.321669101715088,"orthographic":false}