{"cameraMode":{"drawMode":0,"name":"Shaded","section":"Shading Mode"},"sceneLighting":true,"audioPlay":false,"sceneViewState":{"m_AlwaysRefresh":false,"showFog":true,"showSkybox":true,"showFlares":true,"showImageEffects":true,"showParticleSystems":true,"showVisualEffectGraphs":true,"m_FxEnabled":true},"in2DMode":false,"pivot":{"x":6.952608108520508,"y":-1.2725589275360108,"z":2.4171555042266847},"rotation":{"x":0.10227087885141373,"y":0.8386393785476685,"z":-0.16896136105060578,"w":0.5076207518577576},"size":8.094043731689454,"orthographic":false}